Name,Email,Phone,Branch,Department,Designation,Actions
user12,afrina.zahan+2d242ss31@monstar-lab.com,1286744510,Onsite,HR,Manager,
user11,afrina.zahan+p9d98s38@monstar-lab.com,1446775519,Onsite,HR,Manager,
user10,afrina.zahan+22d22s11@monstar-lab.com,1221844510,Onsite,HR,Manager,
user9,afrina.zahan+333d3s3@monstar-lab.com,1714425612,Onsite,HR,Manager,
user8,afrina.zahan+99947s77@monstar-lab.com,1456825510,Onsite,HR,Manager,
user7,afrina.zahan+44d4s33@monstar-lab.com,1711264412,Onsite,HR,Manager,
user6,afrina.zahan+999d299@monstar-lab.com,1331905510,Onsite,HR,Manager,
user5,afrina.zahan+888d28@monstar-lab.com,1981339191,Onsite,HR,Manager,
user4,afrina.zahan+424d444@monstar-lab.com,1983326254,Onsite,HR,Manager,
user3,afrina.zahan+p333333@monstar-lab.com,1711983617,Onsite,HR,Manager,